competency,description
3D Animation Skills,"Proficient in 3D modeling, animation, rigging, texturing, lighting, and rendering using industry-standard software. Creates high-quality, visually appealing 3D animations for various applications. Demonstrates a strong understanding of animation principles and storytelling."
Acceptance and Non-judgmental Attitude,"Approaches situations and individuals with empathy and understanding, avoiding judgment or criticism. Actively listens and validates others' perspectives, regardless of personal opinions. Remains open-minded and receptive to diverse viewpoints."
Accounting Standards Knowledge,"Possesses comprehensive knowledge of generally accepted accounting principles (GAAP) and relevant accounting standards (e.g., IFRS, etc.), applying them accurately and consistently to ensure financial reporting integrity."
Active Listening,"Actively listens to understand perspectives and information, asking clarifying questions and providing verbal and nonverbal affirmation of understanding. Demonstrates empathy and avoids interrupting."
Adaptability,"Adapts readily to changing priorities, unexpected challenges, and new information; flexibly adjusts approach and strategies as needed to achieve objectives."
Administrative,"Efficiently manages administrative tasks, including scheduling, record-keeping, and correspondence, ensuring smooth workflow and operational effectiveness."
Advertising Strategy,"Develops and implements effective advertising strategies that achieve measurable results, aligning campaigns with target audience needs and business objectives. This includes market research, media planning, budget allocation, and campaign evaluation."
Agile Methodology Understanding,"Understands and applies Agile principles and methodologies (e.g., Scrum, Kanban) to manage projects effectively, collaborating effectively within Agile teams, and adapting to changing requirements."
Agile Mindset,"Embraces change and iterative development, readily adapts to evolving priorities, collaborates effectively within a self-organizing team, and proactively seeks feedback for continuous improvement."
AI and Digital Literacy,"Demonstrates understanding of AI principles and applications, and effectively utilizes digital tools and technologies to solve problems and complete tasks. Proficient in using relevant software and online resources, and adept at evaluating information credibility in the digital environment."
Analysis,"Analyzes information objectively to identify key issues, trends, and underlying causes; draws sound conclusions and makes informed recommendations."
Analytical Thinking,"Analyzes information objectively to identify patterns, draw conclusions, and solve problems effectively."
API Integration,"Proficient in integrating with various APIs (REST, SOAP, GraphQL) using appropriate technologies and frameworks. Demonstrates understanding of API documentation, authentication methods, and error handling. Successfully integrates APIs to enhance application functionality and data exchange."
Assessment and Presentation Skills,"Proficient in assessing complex situations, gathering relevant data, and presenting findings clearly and concisely, both verbally and in writing, to diverse audiences. Adapts presentation style to the audience and purpose, using appropriate visual aids and ensuring comprehension."
Audience Engagement,"Consistently captivates and connects with audiences, adapting communication style and content to resonate with diverse groups and elicit desired responses. Demonstrates strong presentation skills and actively fosters interaction and participation."
Audit Skills,"Proficient in conducting thorough and systematic audits, identifying discrepancies and weaknesses, and documenting findings clearly and concisely. Includes strong analytical skills, attention to detail, and understanding of relevant auditing standards and regulations."
Augmented Reality (AR) Design and Development,"Proficient in designing and developing engaging and functional augmented reality experiences. Expertise includes 3D modeling, AR software development (e.g., Unity, ARKit, ARCore), user interface/experience (UI/UX) design for AR, and implementation of AR features across various platforms. Demonstrates understanding of AR hardware and software limitations and best practices."
Automation and Smart Factory Concepts,"Understands and applies principles of automation and smart factory concepts, including robotics, PLC programming, IoT, data analytics, and digital twins, to improve efficiency, productivity, and quality in manufacturing processes."
Automation Skills,Proficient in automating tasks and processes using appropriate tools and technologies to increase efficiency and reduce errors. Demonstrates understanding of automation principles and best practices.
Basic Programming Skills,"Possesses fundamental knowledge of programming concepts, including variables, data types, control structures (loops, conditionals), and functions. Able to write, debug, and execute simple programs in at least one programming language."
Brand Management,"Develops and implements strategies to enhance brand awareness, equity, and profitability. Manages brand messaging, positioning, and visual identity across all channels. Analyzes market trends and consumer insights to inform brand decisions."
Budgeting,"Develops and manages budgets effectively, ensuring accuracy, adherence to timelines, and alignment with organizational goals. Proficient in forecasting, variance analysis, and resource allocation."
Business Acumen,"Understands and applies knowledge of business principles, market dynamics, and financial performance to contribute effectively to organizational goals. Demonstrates strategic thinking and makes sound business judgments."
Business Analysis,"Identifies business needs, analyzes processes, defines requirements, and recommends solutions to improve efficiency and effectiveness. Possesses strong analytical, communication, and problem-solving skills to bridge the gap between business needs and technology solutions."
Business Intelligence,"Proficient in gathering, analyzing, and interpreting data to drive strategic business decisions. Skilled in using BI tools and techniques to identify trends, opportunities, and risks, and to create insightful reports and visualizations."
Campaign Management,"Develops and executes integrated marketing campaigns, managing timelines, budgets, resources, and stakeholder communication to achieve measurable results. Proficient in campaign planning, execution, analysis, and optimization."
Change Management,"Successfully navigates organizational change initiatives, adapting to new processes and technologies while supporting colleagues through the transition. Proactively identifies and mitigates potential resistance to change."
Cloud Computing,"Proficient in utilizing cloud platforms (e.g., AWS, Azure, GCP) for infrastructure management, application deployment, and data storage. Possesses a strong understanding of cloud-native technologies and security best practices. Experienced in migrating on-premise systems to cloud environments and optimizing cloud resource utilization."
Coaching and Development Skills,Provides guidance and support to individuals to improve their performance and develop their skills. Effectively delivers constructive feedback and fosters a learning environment.
Collaboration,"Works effectively with others to achieve shared goals; actively listens, shares information, and respects diverse perspectives. Contributes constructively to team discussions and decision-making processes."
Communication,"Communicates effectively and professionally, both verbally and in writing, adapting style to the audience and context. Consistently conveys information clearly, concisely, and persuasively. Actively listens and seeks to understand diverse perspectives."
Compensation and Benefits,"Knowledge of and ability to administer compensation structures, benefits programs, and related legal compliance requirements to attract, retain, and motivate employees. This includes understanding salary structures, benefits packages, performance-based pay, and relevant legislation."
Compliance and Regulatory Knowledge,"Possesses comprehensive knowledge of relevant laws, regulations, and industry standards, ensuring consistent adherence to all applicable compliance requirements. Demonstrates the ability to interpret and apply these regulations to daily tasks and proactively identify potential compliance risks."
Compliance Knowledge,"Understands and applies relevant laws, regulations, and internal policies to ensure all activities are conducted ethically and legally. Maintains awareness of compliance updates and best practices."
Confidence Building,Demonstrates self-assurance and belief in one's abilities; projects a positive and encouraging attitude; readily takes on challenges and handles setbacks constructively; inspires confidence in others.
Conflict Management,"Skillfully addresses conflicts constructively, mediating disagreements to mutually acceptable solutions while maintaining positive working relationships."
Constructive Feedback,"Provides helpful and actionable feedback that focuses on behavior and results, not personality. Offers suggestions for improvement and is receptive to feedback in return."
Consultative Selling,"Builds rapport and understands client needs to propose tailored solutions, exceeding expectations and driving sales growth through effective consultation and value-added advice."
Content Creation,"Develops and produces engaging and informative content across various media (e.g., articles, videos, social media posts) tailored to specific target audiences and platforms. Maintains consistent brand voice and style. Proficient in content optimization for search engines and social media engagement."
Content Development,"Develops clear, concise, and engaging content tailored to the target audience and platform, utilizing various formats (text, visuals, video, etc.) to achieve communication objectives. Proficient in research, writing, editing, and proofreading."
Continuous Improvement,"Consistently seeks opportunities to enhance processes, methods, and outcomes. Actively identifies areas for improvement, proposes solutions, and implements changes to increase efficiency and effectiveness. Embraces feedback and adapts readily to new approaches."
Creativity,Generates novel and valuable ideas; explores alternative approaches and solutions; readily embraces new challenges and perspectives; thinks outside the box.
Crisis Management,"Effectively assesses, responds to, and resolves critical situations, minimizing negative impact and ensuring safety and operational continuity."
Critical Thinking,"Analyzes information objectively, identifies assumptions and biases, evaluates arguments, and forms well-reasoned conclusions. Solves problems effectively by considering multiple perspectives and potential consequences."
Cultural Awareness,"Demonstrates understanding and sensitivity to diverse cultural perspectives, values, and practices; adapts communication and behavior appropriately to interact effectively with individuals from different backgrounds."
Customer Relationship Management,"Builds and maintains strong, positive relationships with customers, proactively identifying and addressing their needs to foster loyalty and advocacy. Effectively communicates with customers, resolves issues efficiently, and contributes to a positive customer experience."
Customer-Centric Skills,"Demonstrates a consistent commitment to understanding and meeting customer needs, proactively seeking feedback and adapting approaches to enhance the customer experience. Prioritizes customer satisfaction and builds strong, positive relationships."
Cybersecurity Management,"Manages and implements cybersecurity policies, procedures, and controls to protect organizational assets from cyber threats. This includes risk assessment, incident response, vulnerability management, and compliance with relevant regulations."
Dashboard Creation,"Competent in designing and developing interactive dashboards using data visualization tools to effectively communicate key performance indicators (KPIs) and insights from complex datasets. Proficient in selecting appropriate charts and graphs, ensuring data accuracy and clarity for diverse audiences."
Data Analytics,"Proficient in data mining, cleaning, and analysis techniques to identify trends, insights, and support decision-making. Skilled in using statistical software and data visualization tools to communicate findings effectively."
Data Management,"Proficiently organizes, stores, retrieves, and protects data ensuring its accuracy, integrity, and accessibility while adhering to relevant policies and regulations. This includes data cleansing, transformation, and the effective use of databases and data management tools."
Data Quality Assessment,"Assesses data accuracy, completeness, consistency, and validity using appropriate techniques and tools. Identifies and documents data quality issues, proposing and implementing solutions to improve data quality."
Data Security and Governance,"Applies knowledge of data security principles and governance frameworks to protect sensitive information, ensuring compliance with regulations and organizational policies. This includes implementing and maintaining security controls, managing data access rights, and responding to security incidents."
Data Security Management,"Competent in implementing and maintaining data security policies, procedures, and controls to protect sensitive information from unauthorized access, use, disclosure, disruption, modification, or destruction. Proficient in risk assessment, vulnerability management, incident response, and compliance with relevant regulations."
Data Storytelling,"Proficient in translating complex data into clear, compelling narratives using visualizations and effective communication techniques to inform and persuade audiences. Able to identify key insights, build impactful presentations, and tailor the message to specific stakeholders."
Data Visualization,"Proficient in creating clear, concise, and effective data visualizations using various tools and techniques to communicate complex information to diverse audiences. Able to select appropriate visualization methods based on data type and intended message, ensuring accuracy and accessibility."
Debt Management,"Effectively manages personal or organizational debt by prioritizing payments, exploring debt consolidation options, and adhering to a budget to minimize interest charges and avoid delinquency."
Decision-Making,"Makes sound judgments and decisions based on available information, considering risks and potential consequences. Effectively analyzes options, weighs pros and cons, and chooses the best course of action."
Deep Learning,"Proficient in applying deep learning techniques to solve complex problems, including model selection, training, optimization, and evaluation. Possesses a strong understanding of neural network architectures and their applications. Able to leverage deep learning frameworks (e.g., TensorFlow, PyTorch) to build and deploy effective models."
Design Thinking,"Applies design thinking principles (empathize, define, ideate, prototype, test) to solve complex problems, generating innovative and user-centered solutions. Demonstrates proficiency in user research, iterative prototyping, and incorporating feedback to refine designs."
Blockchain,"Possesses foundational knowledge of blockchain technology, including its architecture (nodes, blocks, consensus mechanisms), key features (decentralization, immutability, transparency), and common use cases (cryptocurrencies, supply chain management, digital identity). Understands the implications of blockchain for various industries and can discuss its advantages and limitations."
Digital Content Creation,"Creates engaging and effective digital content (text, images, video, audio) tailored to specific platforms and audiences, leveraging appropriate tools and technologies. Demonstrates understanding of content strategy and optimization for maximum reach and impact."
Digital Literacy,"Proficient in using technology and digital tools to access, manage, evaluate, and create information. Demonstrates strong understanding of online safety and ethical digital practices."
Digital Marketing,"Proven ability to plan, execute, and analyze digital marketing campaigns across various channels (SEO, SEM, social media, email, etc.) to achieve measurable business objectives. Demonstrates proficiency in utilizing marketing automation tools and analytics platforms to optimize performance and ROI."
"Diversity, Equity, and Inclusion (DEI) Understanding","Demonstrates understanding of diversity, equity, and inclusion principles and their application in the workplace, recognizing and respecting diverse perspectives and experiences."
Document Management,"Competent in organizing, storing, retrieving, and disposing of documents according to established procedures, ensuring data integrity and accessibility. Proficient in using document management systems and adhering to relevant regulations."
E-commerce Management,"Proficient in managing all aspects of online retail operations, including website development and maintenance, marketing and sales strategies, inventory management, order fulfillment, customer service, and data analysis to optimize performance and profitability. Demonstrates expertise in utilizing e-commerce platforms and tools to drive revenue growth and enhance customer experience."
Economic Analysis,"Applies economic principles and data analysis to understand market trends, predict outcomes, and inform strategic decision-making. This includes evaluating costs and benefits, forecasting demand, and assessing the impact of economic policies."
Email Etiquette,"Consistently demonstrates professional and courteous communication in emails, including proper grammar, formatting, and tone, ensuring clear and concise messaging while adhering to organizational communication protocols."
Emotional Intelligence,"Demonstrates self-awareness, self-regulation, empathy, and social skills to effectively navigate interpersonal interactions and manage emotions in challenging situations. Effectively understands and responds to the emotions of others."
Empathy,"Understands and shares the feelings of others, demonstrating compassion and sensitivity in interactions. Actively listens and responds appropriately to diverse perspectives and emotional needs."
Energy Management,Effectively utilizes resources and minimizes waste to optimize energy consumption and reduce operational costs. Demonstrates knowledge of energy-efficient practices and technologies.
Engagement Strategies,"Develops and implements effective strategies to actively engage stakeholders, fostering collaboration and achieving shared goals. Demonstrates ability to tailor communication and interaction styles to different audiences, resulting in increased participation and commitment."
Entrepreneurial Mindset,"Proactively identifies and capitalizes on opportunities, demonstrates initiative and innovation, embraces calculated risks, and persistently pursues goals despite challenges. Adapts readily to change and demonstrates a strong sense of ownership and accountability for results."
Environmental Planning and Management,"Proficient in assessing environmental impacts, developing sustainable solutions, and implementing environmental management plans in compliance with regulations. Possesses strong understanding of ecological principles and environmental legislation. Experience in environmental impact assessments, permitting, and remediation."
Ergonomic Awareness,"Understands ergonomic principles and applies them to minimize risk of musculoskeletal disorders. Identifies and corrects workstation hazards, promotes safe working postures, and utilizes appropriate equipment."
Error Handling,"Proactively identifies and addresses errors, implementing robust error handling mechanisms to prevent application crashes and data corruption. Effectively communicates error messages to users and logs errors for debugging and analysis."
Facilitation Skills,"Effectively guides group discussions and activities to achieve desired outcomes. Able to build consensus, manage conflict constructively, and ensure all voices are heard."
Financial Acumen,"Understands and applies financial principles to make sound business decisions. Proficient in analyzing financial statements, budgeting, and forecasting. Demonstrates a practical understanding of financial implications of decisions."
Flexibility in Diverse Environments,"Adapts readily to changing priorities, diverse work environments, and unfamiliar situations. Demonstrates resilience and resourcefulness when facing unexpected challenges."
Game Design,"Proficient in designing engaging and balanced game mechanics, systems, and narratives. Able to iterate on designs based on playtesting and feedback, incorporating user experience principles to create compelling and fun games."
Global Market Strategy,"Develops and implements effective strategies for entering and succeeding in global markets, considering cultural nuances, regulatory environments, and competitive landscapes. This includes market research, competitive analysis, international expansion planning, and adaptation of products and services for diverse customer bases."
Global Mindset,"Demonstrates understanding and appreciation of diverse cultures, perspectives, and business practices; adapts communication and behavior to work effectively across global contexts; leverages global perspectives to solve problems and drive innovation."
Goal Setting,"Proactively sets challenging yet achievable goals, aligning them with overall objectives. Effectively prioritizes tasks and monitors progress, adapting plans as needed to ensure successful attainment of goals."
Graphic Design Skills,"Proficient in Adobe Creative Suite (Photoshop, Illustrator, InDesign) and other relevant design software. Creates visually appealing and effective designs across various media (print, web, social). Understands design principles (typography, color theory, layout) and applies them consistently to produce high-quality work."
Growth Mindset,"Embraces challenges, learns from mistakes, and actively seeks opportunities for development. Continuously seeks feedback and applies it to improve performance. Believes abilities can be developed through dedication and hard work."
GUI Development,"Proficient in designing and developing user-friendly graphical user interfaces (GUIs) using various technologies and frameworks, ensuring intuitive navigation and a positive user experience. Demonstrates expertise in UI/UX principles and best practices."
Health and Wellness Knowledge,"Possesses and applies knowledge of health and wellness principles, including nutrition, physical activity, stress management, and disease prevention, to promote healthy lifestyles for self and others."
Human Resources Management,"Effectively manages all aspects of the employee lifecycle, from recruitment and onboarding to performance management, training, and compensation, ensuring compliance with all relevant regulations and promoting a positive and productive work environment."
Human Rights Knowledge,"Demonstrates comprehensive knowledge of international and national human rights laws, principles, and standards. Understands the interconnectedness of various human rights and applies this knowledge to analyze situations and propose solutions."
Information Security,"Proficient in implementing and maintaining information security policies, procedures, and controls to protect sensitive data and systems from unauthorized access, use, disclosure, disruption, modification, or destruction. Demonstrates understanding of relevant security frameworks and best practices."
Innovative Thinking,"Develops creative solutions to complex problems, challenges conventional approaches, and readily embraces new ideas and technologies."
Instructional Design,"Develops and delivers engaging and effective learning materials and experiences aligned with learning objectives. Proficient in various instructional design models and methodologies, leveraging technology to create impactful training programs and assessments."
Insurance Knowledge,"Possesses a comprehensive understanding of insurance principles, products, and regulations. Applies this knowledge to effectively assess risk, design appropriate coverage, and resolve claims."
Intellectual Property Management,"Understands and applies principles of intellectual property (IP) rights, including patents, trademarks, copyrights, and trade secrets. Proactively identifies, protects, and manages IP assets to maximize value and minimize risk. Complies with relevant IP laws and regulations."
International Business Acumen,"Demonstrates understanding of international business practices, including global markets, trade regulations, cultural nuances, and economic factors, to effectively navigate international opportunities and challenges."
Internet Proficiency,"Competent in using the internet for research, communication, and accessing information. Proficient in using search engines, email, and various online applications."
Interpersonal Skills,"Effective communication, active listening, empathy, and collaboration to build strong relationships and achieve shared goals. Successfully navigates diverse personalities and situations."
Interview and Assessment Skills,"Proficient in conducting structured and unstructured interviews, utilizing various assessment methods (e.g., behavioral, situational questions, skills testing) to effectively evaluate candidates' qualifications, competencies, and cultural fit. Able to provide constructive feedback and make sound hiring recommendations."
Inventory Management,"Efficiently manages inventory levels to minimize waste and maximize availability, utilizing appropriate tracking systems and forecasting techniques to meet demand while controlling costs."
Investment Knowledge,"Possesses a comprehensive understanding of investment principles, strategies, and instruments, including risk management and portfolio construction. Demonstrates the ability to analyze financial markets and make informed investment decisions."
IT Infrastructure Knowledge,"Possesses a comprehensive understanding of IT infrastructure components, including hardware, software, networking, and security, and can effectively troubleshoot and resolve related issues."
IT Security Management,"Competent in planning, implementing, and maintaining IT security policies, procedures, and technologies to protect organizational data and systems from threats. Possesses a strong understanding of risk management, security architecture, and compliance requirements."
Keyword Research,"Proficiently identifies relevant keywords and phrases to optimize content for search engines, leveraging tools and techniques to analyze search volume, competition, and user intent. Understands keyword mapping and incorporates relevant keywords naturally into content."
Knowledge Management,"Proactively seeks, shares, and applies knowledge to improve performance and decision-making. Effectively utilizes knowledge management tools and systems to capture, organize, and retrieve information. Contributes to a culture of continuous learning and knowledge sharing."
Language Skills,"Proficient in written and verbal communication, adapting style and tone to diverse audiences. Possesses excellent grammar, vocabulary, and comprehension skills. Able to effectively convey complex information clearly and concisely."
Leadership,"Demonstrates the ability to inspire and motivate individuals and teams to achieve shared goals, effectively delegating tasks and providing constructive feedback. Champions change and fosters a collaborative and positive work environment."
Learning Agility,"Learning agility is the ability to quickly grasp new concepts, adapt to changing environments, and learn from experiences, both successes and failures, to improve future performance. It involves being open to new ideas, embracing challenges, and proactively seeking feedback for continuous growth."
Legal Acumen,"Possesses a strong understanding of relevant laws, regulations, and legal principles; applies legal knowledge effectively to practical situations; identifies and mitigates legal risks."
Library Utilization,"Effectively locates, accesses, and utilizes library resources (print and electronic) to support research and learning objectives."
Logistics Management,"Proven ability to plan, implement, and control the efficient, effective flow and storage of goods, services, and information from origin to consumption, minimizing costs and maximizing customer satisfaction. Includes expertise in inventory management, warehousing, transportation, and supply chain optimization."
Machine Learning,"Proficient in applying machine learning techniques to solve complex problems. Possesses experience in model selection, training, evaluation, and deployment. Familiar with various algorithms (e.g., regression, classification, clustering) and tools (e.g., scikit-learn, TensorFlow, PyTorch). Able to interpret results and communicate findings effectively."
Maintenance and Process Improvement,"Proactively identifies and implements solutions to improve efficiency and effectiveness of processes and equipment, minimizing downtime and maximizing output. Demonstrates a strong understanding of preventative maintenance and continuous improvement methodologies."
Management Skills,"Effectively plans, organizes, and directs resources (people, projects, budgets) to achieve organizational goals. Demonstrates strong leadership, delegation, and problem-solving abilities. Creates and maintains a positive and productive work environment."
Marketing Analysis,"Analyzes market trends, competitive landscapes, and customer data to inform marketing strategies and optimize campaign performance. Proficient in using market research tools and techniques to identify opportunities and challenges. Translates data insights into actionable recommendations."
Marketing Management,"Develops and implements effective marketing strategies to achieve organizational goals, including market research, product positioning, pricing, promotion, and distribution. Manages marketing budgets and teams, analyzes campaign performance, and adapts strategies based on data-driven insights."
Microsoft Office Skills,"Proficient in Microsoft Office Suite applications (Word, Excel, PowerPoint, Outlook) including advanced features such as data analysis in Excel and creating professional presentations in PowerPoint. Demonstrated ability to utilize these tools to increase efficiency and productivity."
Negotiation Skills,"Skilled negotiator adept at building rapport, identifying shared interests, and crafting mutually beneficial agreements. Effectively manages conflict and achieves desired outcomes while maintaining positive relationships."
Network Security,"Proficient in implementing and maintaining network security measures, including firewalls, intrusion detection/prevention systems, and VPNs. Possesses a strong understanding of network security protocols and best practices to mitigate threats and vulnerabilities. Experience with security audits and incident response."
Networking Skills,"Develops and maintains professional relationships with colleagues, clients, and stakeholders. Effectively communicates and collaborates to achieve shared goals. Builds rapport and trust to foster strong working relationships."
Operating System Security,"Proficient in securing operating systems through patching, configuration hardening, user access control, and monitoring for threats and vulnerabilities. Understands and applies security best practices relevant to various operating systems (e.g., Windows, Linux, macOS)."
Operational Analysis,"Analyzes operational processes to identify inefficiencies, bottlenecks, and areas for improvement. Uses data and analytical methods to support recommendations for optimization."
Operational Quality,"Consistently delivers high-quality work, meeting or exceeding expectations. Proactively identifies and addresses potential quality issues. Follows established procedures and standards meticulously. Demonstrates commitment to continuous improvement."
Organizational Skills,"Efficiently manages multiple priorities and deadlines, maintaining a well-organized workspace and workflow to ensure consistent productivity and accuracy."
People Management,"Effectively leads and motivates teams to achieve organizational goals, fostering a positive and productive work environment through clear communication, delegation, performance management, and conflict resolution."
Performance Appraisal and Assessment,"Competent in conducting fair and accurate performance appraisals and assessments, using a variety of methods to gather objective and subjective data. Able to provide constructive feedback and develop performance improvement plans. Understands relevant legal and ethical considerations."
Performance Evaluation and Motivation,"Consistently delivers accurate and timely performance evaluations, providing constructive feedback that motivates employees to improve and achieve their full potential. Effectively utilizes performance management systems to drive individual and team performance."
Personal Branding,Effectively communicates personal strengths and value proposition to build a strong professional reputation and achieve career goals. This includes leveraging online and offline networks to build visibility and credibility.
Personal Development,"Demonstrates a commitment to ongoing learning and self-improvement, actively seeking opportunities for growth and development to enhance skills and knowledge. Adapts readily to new challenges and feedback, consistently striving for personal and professional excellence."
Personal Management,"Effectively manages time, priorities, and resources to consistently meet deadlines and achieve goals. Demonstrates self-awareness and adapts to changing demands while maintaining composure and professionalism."
Positive Thinking and Perspective,Maintains a positive outlook and approaches challenges with optimism. Effectively reframes negative situations and focuses on solutions. Demonstrates resilience and bounces back from setbacks.
Post-Release Support & Maintenance,"Provides ongoing support and maintenance for software or systems after deployment, addressing bugs, implementing enhancements, and ensuring optimal performance and stability. Includes proactive monitoring, issue resolution, and user training/support as needed."
Presentation Skills,"Confidently and effectively delivers presentations to diverse audiences, adapting style and content to suit the context. Proficient in utilizing visual aids and engaging techniques to maximize audience understanding and retention."
Privacy and Data Protection,"Demonstrates understanding and adherence to privacy regulations and data protection principles, ensuring the confidentiality, integrity, and availability of sensitive information. Proactively identifies and mitigates privacy risks."
Problem Solving,"Analyzes complex situations, identifies root causes, develops and implements effective solutions, and evaluates outcomes. Adapts approach as needed and learns from mistakes."
Process Management and Improvement,"Proven ability to analyze and optimize processes, identifying and implementing improvements that enhance efficiency, effectiveness, and quality. Skilled in utilizing process improvement methodologies (e.g., Lean, Six Sigma) to streamline workflows and reduce waste. Demonstrates strong problem-solving skills and a commitment to continuous improvement."
Product Development,"Proven ability to conceive, design, develop, and launch successful products, from initial concept to market release, meeting business objectives and customer needs. Includes experience in market research, prototyping, testing, and iteration."
Product Management,"Develops and launches successful products through market research, strategic planning, and execution. Manages product lifecycle from conception to end-of-life, balancing business goals with user needs. Effectively communicates product vision and roadmap to stakeholders."
Product Strategy,"Develops and executes product strategies aligned with business objectives, considering market trends, customer needs, and competitive analysis. This includes defining product vision, roadmap, and go-to-market plans."
Productivity and Efficiency,Consistently meets deadlines and manages time effectively to maximize output. Proactively identifies and implements improvements to streamline workflows and enhance efficiency. Demonstrates a strong work ethic and commitment to completing tasks to a high standard.
Professional Writing Skills,"Consistently produces clear, concise, and grammatically correct written communications, adapting style and tone to the intended audience and purpose. Effectively conveys complex information in a readily understandable manner."
Programming Skills,"Proficient in multiple programming languages, capable of designing, coding, testing, and debugging software applications. Demonstrates strong problem-solving skills and the ability to write efficient, clean, and maintainable code."
Project Communication,"Effectively communicates project status, risks, and issues to stakeholders using appropriate methods and ensuring timely and clear information exchange. Proactively manages communication to mitigate conflicts and foster collaboration."
Project Innovation,Consistently identifies opportunities to improve project processes and deliverables through creative solutions and innovative approaches. Successfully implements new technologies and methodologies to enhance project efficiency and effectiveness.
Project Leadership,"Successfully plans, executes, and completes projects on time and within budget, motivating teams and effectively managing resources to achieve project objectives."
Project Management,"Proven ability to plan, execute, and complete projects on time and within budget, effectively managing resources and stakeholders to achieve desired outcomes."
Proofreading and Attention to Detail,Meticulous and accurate in reviewing documents and identifying errors; possesses a keen eye for detail and ensures all work is free of mistakes before submission.
Psychological Safety,"Creates a team environment where individuals feel comfortable taking risks, expressing opinions, and admitting mistakes without fear of negative consequences. Promotes open communication and collaboration."
Python Programming Skills,"Proficient in Python programming, including data structures, algorithms, and object-oriented programming principles. Experienced in using relevant libraries and frameworks for data analysis, web development, or other specified applications. Able to write clean, efficient, and well-documented code."
Quality Management,"Consistently delivers high-quality work, adhering to standards and processes. Proactively identifies and addresses quality issues, contributing to continuous improvement efforts. Demonstrates a commitment to accuracy and precision in all tasks."
Real Estate Knowledge,"Possesses comprehensive understanding of real estate principles, market trends, legal aspects, and best practices. Applies this knowledge effectively to analyze properties, advise clients, and negotiate transactions."
Recruitment and Onboarding,"Efficiently manages the full recruitment cycle, from sourcing candidates to extending offers. Proactively develops and implements effective onboarding programs to ensure new hires are quickly integrated and productive."
Relationship Building,"Builds rapport and maintains positive working relationships with colleagues, clients, and stakeholders. Effectively communicates and collaborates to achieve shared goals."
Report Formatting and Presentation,"Proficient in creating clear, concise, and visually appealing reports using appropriate formatting and presentation techniques, tailored to the intended audience. Able to effectively communicate complex information through charts, graphs, and other data visualizations."
Resilience,"Remains positive and performs effectively even under pressure, setbacks, or changing priorities. Bounces back from adversity and learns from mistakes."
Resource Management,"Effectively plans, allocates, and utilizes resources (time, budget, personnel, materials) to achieve project goals efficiently and within constraints."
Responsive Design,"Proficient in designing and developing websites and applications that adapt seamlessly to various screen sizes and devices (desktops, tablets, smartphones) using responsive design techniques such as fluid grids, flexible images, and media queries. Understands and implements best practices for cross-browser compatibility and accessibility."
Risk Management,"Proactively identifies, assesses, and mitigates potential risks to projects and operations, ensuring compliance with relevant regulations and minimizing negative impacts."
Robotics Knowledge,"Possesses a foundational understanding of robotics principles, including mechanics, sensors, actuators, programming, and control systems. Applies this knowledge to solve practical problems and understand robotic system capabilities and limitations."
Safety and Compliance Knowledge,"Possesses and applies comprehensive knowledge of relevant safety regulations, policies, and procedures to ensure a safe and compliant work environment. Proactively identifies and mitigates potential hazards."
Sales Analysis,"Analyzes sales data to identify trends, opportunities, and areas for improvement. Proficient in using sales reports and metrics to inform strategic decisions and drive revenue growth."
Sales Skills,"Proven ability to identify and qualify leads, build rapport with clients, effectively present products/services, handle objections, and close deals, consistently exceeding sales targets."
Security and Privacy,"Competent in implementing and maintaining security protocols and procedures to protect sensitive information, ensuring compliance with relevant regulations and best practices. Proactively identifies and mitigates security risks."
Security Software Proficiency,"Proficient in using and managing security software, including antivirus, firewalls, intrusion detection/prevention systems, and data loss prevention tools. Understands security software principles and can effectively troubleshoot and resolve related issues."
Self-Awareness,"Understands their own strengths, weaknesses, emotions, and values, and how these impact their performance and interactions with others. Uses this understanding to adapt and improve."
Self-Management,"Effectively manages time, priorities, and workload to consistently meet deadlines and achieve goals. Demonstrates resilience in the face of challenges and adapts to changing circumstances. Maintains a positive and professional attitude."
Self-Regulation,"Maintains composure and manages emotions effectively, even under pressure. Adapts to changing priorities and setbacks with resilience. Takes ownership of actions and learns from mistakes. Prioritizes tasks and manages time effectively to meet deadlines."
Sense of Ownership,"Takes responsibility for assigned tasks and projects, seeing them through to completion with minimal supervision. Proactively identifies and addresses potential problems. Demonstrates a commitment to high-quality work and results."
Search Engine Optimization,"Proficient in utilizing SEO best practices to improve website organic search engine rankings. Experience with keyword research, on-page optimization, link building, and technical SEO. Demonstrates understanding of SEO analytics and reporting to measure campaign effectiveness."
Social Media Marketing,"Develops and implements social media strategies to increase brand awareness, engagement, and lead generation. Proficient in various social media platforms and analytics tools. Creates engaging content and manages social media communities."
Social Skills,"Effectively communicates and collaborates with diverse individuals, building rapport and fostering positive relationships to achieve shared goals. Demonstrates empathy, active listening, and respect in interactions."
Software Development Skills,"Proficient in designing, developing, testing, and deploying high-quality software applications using various programming languages and technologies. Possesses strong problem-solving skills and adheres to best practices throughout the software development lifecycle."
Stakeholder Management,"Effectively engages and manages expectations of diverse stakeholders to build consensus and achieve project objectives. Proactively identifies and addresses potential stakeholder conflicts. Communicates clearly and persuasively, adapting style to suit individual needs."
Statistical Analysis,"Proficient in applying statistical methods to analyze data, interpret results, and draw meaningful conclusions. Skilled in selecting appropriate statistical tests, managing datasets, and communicating findings effectively."
Storytelling,"Effectively communicates complex information, ideas, or experiences in a compelling and engaging narrative format, adapting style and content to the target audience to achieve desired outcomes. This includes crafting narratives with a clear beginning, middle, and end, utilizing vivid language and imagery, and maintaining audience interest."
Strategic Thinking,"Proactively identifies opportunities and challenges, analyzes complex situations, develops effective long-term plans, and anticipates future trends to achieve organizational goals."
Stress Management,"Effectively manages stress and pressure, maintaining composure and productivity even in demanding situations. Demonstrates resilience and uses appropriate coping strategies to handle challenges."
Supply Chain Management,"Proven ability to manage the flow of goods and services, from origin to consumption, optimizing efficiency, cost, and quality throughout the entire supply chain. Includes experience in procurement, logistics, inventory management, and supplier relationships."
Survey Design and Implementation,"Proficient in designing, implementing, and analyzing surveys to collect accurate and reliable data. Expertise includes questionnaire development, sampling methodology, data collection techniques, and data cleaning/analysis."
Sustainability,"Demonstrates a commitment to environmental, social, and economic responsibility in all aspects of work, proactively seeking sustainable solutions and minimizing negative impacts."
Talent Management,"Talent Management competency involves attracting, developing, retaining, and optimizing the performance of high-potential employees to achieve organizational goals. This includes strategic workforce planning, recruitment, training & development, performance management, succession planning, and compensation & benefits."
Target Audience Analysis,"Analyzes target audiences to identify their needs, preferences, and behaviors, using this information to inform communication strategies and ensure effective message delivery."
Tax Management,"Proficient in tax law and regulations, ensuring accurate and timely tax compliance for all applicable entities. Demonstrates expertise in tax planning and optimization strategies."
Team Management,"Effectively leads and motivates teams to achieve shared goals, fostering collaboration, communication, and individual development. Delegates tasks appropriately, provides constructive feedback, and resolves conflicts constructively."
Teamwork Skills,"Effectively collaborates with colleagues to achieve shared goals, contributing constructively to team discussions and projects, and readily sharing knowledge and resources."
Technical Proficiency,Possesses the necessary technical skills and knowledge to effectively perform job duties and consistently deliver high-quality results. Demonstrates a proactive approach to learning and staying current with relevant technologies.
Technology Application,"Competent in leveraging technology to enhance efficiency and effectiveness. Proficiently uses relevant software and hardware, adapting readily to new technologies and applying them to solve problems and achieve objectives."
Time and Resource Management,"Effectively prioritizes tasks, manages time efficiently, and utilizes resources optimally to meet deadlines and achieve goals."
Training Skills,Skilled in developing and delivering engaging training programs; adept at adapting training methods to diverse learning styles; proficient in assessing training effectiveness and making improvements.
Transparency,"Communicates openly and honestly, sharing information freely and proactively. Actively seeks and considers diverse perspectives. Maintains clear and accessible documentation."
Transportation and Infrastructure Knowledge,"Possesses comprehensive knowledge of transportation systems, infrastructure components, and relevant regulations. Understands principles of planning, design, construction, and maintenance of transportation networks. Applies this knowledge to effectively solve problems and make informed decisions related to transportation and infrastructure projects."
Trend Analysis,Identifies patterns and predicts future outcomes by analyzing data trends. Proactively anticipates shifts in the market or operational environment based on historical data and emerging indicators.
Trust Building,"Builds strong relationships based on mutual respect and confidence. Effectively communicates openly and honestly, fostering a collaborative and reliable work environment. Demonstrates integrity and consistently follows through on commitments."
UX/UI design,"Proficient in designing user-centered interfaces and experiences, leveraging user research, wireframing, prototyping, and testing to create intuitive and engaging digital products. Skilled in various design tools and methodologies."
User-Centric Design,"Employs user research methodologies to understand user needs and behaviors, iteratively designing and testing solutions that meet those needs and deliver a positive user experience. Prioritizes user feedback and accessibility throughout the design process."
Video Editing Skills,"Proficient in video editing software (e.g., Adobe Premiere Pro, Final Cut Pro, DaVinci Resolve) to create high-quality, engaging videos. Skilled in video sequencing, color correction, audio mixing, and special effects. Able to meet deadlines and adapt to various stylistic requirements."
Visual Communication Skills,"Effectively communicates information and ideas using visual aids such as charts, graphs, presentations, and other media to enhance understanding and engagement."
Vulnerability Management,"Proactively identifies, assesses, and mitigates security vulnerabilities in systems and applications to reduce organizational risk. This includes vulnerability scanning, patch management, and risk remediation."
Web Development,"Proficient in designing, developing, and deploying responsive and user-friendly websites using various technologies including HTML, CSS, JavaScript, and at least one backend framework (e.g., Node.js, Python/Django, PHP/Laravel). Experienced with version control (e.g., Git) and comfortable working in agile environments. Possesses a strong understanding of web security principles and best practices."
Wellness and Crisis Management,"Demonstrates proactive strategies to maintain personal well-being and effectively manage stressful situations and crises, both personally and for others. This includes recognizing warning signs of burnout and crisis, utilizing appropriate coping mechanisms, and seeking support when needed."
Spreadsheet Proficiency,"Proficient in using spreadsheet software (e.g., Microsoft Excel, Google Sheets) to create, manipulate, and analyze data. Includes skills in data entry, formula creation, data visualization, and pivot table creation. Proficient in using spreadsheet software (e.g., Microsoft Excel, Google Sheets) to create, manipulate, and analyze data. This includes data entry, formula creation, data visualization (charts & graphs), and data analysis techniques."
Customer Management,"Consistently delivers exceptional customer service, proactively addressing needs and resolving issues effectively to foster strong, long-lasting relationships. Demonstrates empathy, active listening, and clear communication to build trust and satisfaction. Builds strong customer relationships, anticipates needs, and proactively addresses concerns to ensure satisfaction and loyalty. Effectively manages customer interactions, resolves issues, and maintains open communication."
