role,description
3D Animator,"Creates realistic and engaging 3D animations for various media, including film, games, and advertising. Responsibilities include modeling, rigging, animating, and rendering assets, collaborating with other artists and adhering to project deadlines. Proficiency in industry-standard software is required."
Accountant,"Manages and maintains financial records, ensuring accuracy and compliance with accounting principles. Prepares financial reports, analyzes financial data, and assists with budgeting and forecasting. May also handle accounts payable/receivable and tax preparation."
Administrative Analyst,"Provides administrative support to a department or team, analyzing processes and procedures to improve efficiency. Responsibilities include data entry, report generation, record keeping, and project support. Requires strong organizational skills and proficiency in Microsoft Office Suite."
Administrative Roles,"Provides comprehensive administrative support, including scheduling, correspondence, record keeping, and office management. Responsibilities may vary depending on specific role and department."
Advertising Specialist,Develops and implements advertising campaigns across various channels to increase brand awareness and drive sales. Manages advertising budgets and collaborates with marketing and sales teams. Analyzes campaign performance and optimizes strategies for maximum ROI.
Agile Coach,"Agile Coach: Guides teams and organizations in adopting and improving Agile methodologies. Provides training, coaching, and mentoring to foster collaboration, efficiency, and successful product delivery. Facilitates Agile ceremonies and helps remove impediments to team progress."
Agile Specialist,"Agile Specialist: Leads and supports Agile adoption across teams, facilitating Scrum, Kanban, or other Agile methodologies. Provides training, coaching, and process improvement to enhance team performance and deliver high-quality products efficiently."
AI Specialist,"Develops and implements AI solutions to improve business processes and outcomes. Requires expertise in machine learning, deep learning, and data science, along with strong problem-solving and communication skills."
Analyst,"Analyzes data to identify trends, patterns, and insights. Develops reports and presentations to communicate findings to stakeholders. Supports decision-making through data-driven recommendations. May specialize in a specific area (e.g., financial, market, or operational analysis)."
API Specialist,"Designs, develops, tests, and maintains APIs. Ensures API performance, security, and scalability. Collaborates with developers and stakeholders to integrate APIs into applications and systems. Provides technical documentation and support."
Application Developer,"Designs, develops, and tests software applications to meet business requirements. Collaborates with other developers and stakeholders throughout the software development lifecycle. Proficient in relevant programming languages and technologies."
AR Developer,"Develops and maintains augmented reality (AR) applications for [Company Name/Industry]. Responsibilities include designing, coding, testing, and deploying AR experiences using relevant SDKs and technologies. Collaborates with designers and engineers to create engaging and functional AR solutions."
Automation Specialist,"Designs, develops, and implements automated solutions to improve efficiency and reduce manual processes across various business functions. Responsibilities include scripting, testing, and maintaining automation frameworks. Requires strong programming skills and a deep understanding of automation technologies."
Banking and Financial Services Roles,"The Banking and Financial Services sector encompasses a wide variety of roles. To give you a brief job description, I need more specifics. Please specify a particular role within Banking and Financial Services (e.g., Financial Analyst, Teller, Loan Officer, Investment Banker)."
Blockchain Specialist,"Develops and implements blockchain solutions to improve efficiency and security. Designs, builds, and maintains blockchain infrastructure. Conducts research on emerging blockchain technologies and integrates them into existing systems. Troubleshoots and resolves blockchain-related issues."
Brand Manager,"Develops and implements marketing strategies to enhance brand awareness and drive sales growth. Manages brand positioning, messaging, and overall brand identity. Collaborates with cross-functional teams on marketing campaigns and product launches. Analyzes market trends and competitor activity to inform brand strategy."
Brand Strategist,"Develops and executes brand strategies to enhance brand awareness, market share, and customer loyalty. Conducts market research, analyzes competitor activities, and creates compelling brand narratives. Manages brand assets and ensures consistent brand messaging across all platforms."
Business Analyst,"Analyzes business processes, identifies areas for improvement, and develops solutions to enhance efficiency and effectiveness. Collaborates with stakeholders to gather requirements, document processes, and implement changes. Uses data analysis to inform recommendations and track progress."
Business Consultant,"Business Consultant: Provides expert advice and guidance to clients on improving business performance. This involves analyzing business processes, identifying areas for improvement, developing and implementing strategic solutions, and measuring results. Requires strong analytical, problem-solving, and communication skills."
Business Development Manager,"Develops and implements strategies to generate new business opportunities and expand market share. Manages sales pipeline, identifies target markets, and builds strong client relationships. Responsible for achieving revenue targets and driving business growth."
Business Intelligence Analyst,"Business Intelligence Analyst: Develops and maintains reports and dashboards to provide actionable insights from business data. Analyzes trends, identifies opportunities, and supports strategic decision-making through data visualization and interpretation. Requires strong analytical, SQL, and data visualization skills."
Business Manager,"Responsible for the overall performance and profitability of a business unit or department. Duties include strategic planning, financial management, team leadership, and operational oversight to achieve key performance indicators."
Business Strategy Consultant,"Develops and implements strategic plans to improve business performance. Conducts market research, analyzes competitive landscapes, and identifies growth opportunities. Collaborates with clients and internal teams to achieve strategic objectives. Strong analytical and problem-solving skills required."
Call Center Agent,"Provides exceptional customer service via phone, email, and/or chat. Resolves customer inquiries, addresses complaints, and processes transactions efficiently and accurately. Maintains up-to-date knowledge of company products and services. Meets or exceeds performance metrics."
Career Development Consultant,"Guides individuals and teams in identifying career goals, developing skills, and achieving professional advancement. Provides coaching, resources, and training to support career progression."
Caregiver,"Provides personal care and support to individuals in need, assisting with activities of daily living, medication reminders, and companionship. May include light housekeeping and meal preparation."
Change Management Leader,"Leads and manages organizational change initiatives, ensuring seamless transitions and minimizing disruption. Develops and implements change management strategies, plans, and communications. Provides coaching and support to stakeholders throughout the change process. Tracks progress and measures the success of change initiatives."
Change Management Specialist,"Leads and executes change management initiatives to ensure successful adoption of new processes, systems, and technologies. Develops and implements change management plans, communicates effectively with stakeholders, and provides training and support to minimize disruption and maximize user adoption."
Client Relations Manager,"Manages and cultivates strong relationships with existing and prospective clients. Responsible for client satisfaction, retention, and new business development. Acts as a primary point of contact, addressing client needs and concerns."
Client Relations Specialist,"The Client Relations Specialist is responsible for building and maintaining strong relationships with clients. This includes providing excellent customer service, addressing inquiries, resolving issues, and ensuring client satisfaction. The role requires strong communication and interpersonal skills."
Customer Services,"Provides excellent customer service via phone, email, and/or chat, resolving inquiries and issues efficiently and effectively. Maintains positive customer relationships and contributes to overall customer satisfaction."
Customer Success Manager,"Drives customer satisfaction and retention by building strong relationships, proactively addressing needs, and ensuring successful product adoption. Provides ongoing support and guidance to assigned accounts, identifies expansion opportunities, and acts as a liaison between the customer and internal teams."
Customer Support Specialist,"Provides exceptional customer service via phone, email, and chat, resolving inquiries and issues efficiently and effectively. Maintains accurate records and escalates complex problems as needed. Contributes to a positive customer experience and contributes to team goals."
Cloud and Data Management Specialist,"Manages and optimizes cloud infrastructure and data storage solutions. Responsible for data governance, security, and ensuring high availability and performance. Develops and implements data management strategies aligned with business needs."
Cloud IT Manager,"Manages and oversees all aspects of the organization's cloud infrastructure, ensuring high availability, security, and performance. Responsibilities include cloud architecture design, implementation, maintenance, and budget management. Leads a team of cloud engineers and collaborates with other IT departments."
Cloud Solutions Manager,"Leads the strategy, design, and implementation of cloud-based solutions. Manages cloud projects, ensuring on-time and within-budget delivery. Collaborates with stakeholders to define requirements and optimize cloud infrastructure. Responsible for cloud security and compliance."
Coaching Professional,"Motivates and empowers individuals and teams to achieve peak performance. Provides individualized coaching, delivers training, and facilitates development plans, fostering growth and skill enhancement."
Collaboration Specialist,"The Collaboration Specialist fosters effective teamwork and communication across departments. Responsibilities include developing and implementing collaborative strategies, facilitating workshops and training, and providing support to teams to enhance their collaborative practices and achieve shared goals."
Communications Specialist,"Develops and executes internal and/or external communication strategies. Creates engaging content across various channels (e.g., website, social media, email). Manages media relations and internal communications. May also handle crisis communications and brand messaging."
Compensation Analyst,"Analyzes and administers compensation programs, ensuring pay equity and compliance. Develops salary structures, conducts job evaluations, and manages compensation data. Provides support to HR and management on compensation-related matters."
Compliance Manager,"Responsible for developing and implementing a comprehensive compliance program to ensure adherence to all relevant laws, regulations, and internal policies. This includes risk assessment, policy development, training, monitoring, and reporting."
Compliance Specialist,"Ensures organization's adherence to relevant laws, regulations, and internal policies. Conducts audits, develops and delivers training, and investigates potential compliance violations. Collaborates with various departments to identify and mitigate risks."
Conflict Management Specialist,"Conflict Management Specialist: Resolves workplace disputes and disagreements through mediation, coaching, and training. Develops and implements conflict resolution strategies and provides conflict prevention education to employees."
Consultant,"Provides expert advice and guidance to clients on a range of strategic and operational issues, delivering solutions to improve efficiency, profitability, and performance. Responsibilities may include project management, analysis, report writing, and client presentations."
Content and Marketing Manager,"Develops and implements content marketing strategies to increase brand awareness and drive customer engagement. Manages all aspects of content creation, distribution, and analysis, including social media, blog posts, email marketing, and website content. Collaborates with sales and other teams to ensure alignment with marketing goals."
Content and Marketing Specialist,"Develops and executes content marketing strategies to increase brand awareness and drive engagement. Creates compelling written, visual, and video content across various platforms. Manages social media presence and online marketing campaigns. Analyzes content performance and makes data-driven optimizations."
Content Creator,"Develops engaging and informative content across various platforms (e.g., social media, website, blog) to increase brand awareness and audience engagement. Responsibilities include ideation, writing, editing, and publishing content, as well as performance monitoring and optimization."
Content Marketing Manager,"Develops and implements content marketing strategies to increase brand awareness, generate leads, and drive website traffic. Manages content creation, optimization, and distribution across various channels. Analyzes content performance and makes data-driven adjustments to optimize results."
Content Marketing Specialist,"Develops and implements content marketing strategies to increase brand awareness, engagement, and lead generation. Creates high-quality, engaging content across various platforms (blog, social media, email, website) and analyzes content performance to optimize results."
Contract Management Professional,"Contract Management Professional: Responsible for the full lifecycle of contracts, from negotiation and drafting to execution and closeout. Ensures compliance, manages risk, and optimizes contract performance to achieve business objectives."
Corporate Leadership,"Leads and inspires a corporate team to achieve strategic objectives, driving growth, profitability, and operational excellence. Develops and implements company-wide strategies, manages senior leaders, and ensures alignment across all departments. Requires exceptional leadership, strategic thinking, and communication skills."
Corporate Trainer,"Develops and delivers engaging training programs to corporate employees on various topics, ensuring knowledge transfer and skill enhancement to improve performance and productivity. Facilitates learning through diverse methods, assesses training effectiveness, and maintains training materials."
Creative and Innovation Specialist,"Develops and implements innovative strategies to enhance creative output and brand identity. Leads creative brainstorming sessions, manages creative projects, and ensures alignment with business objectives. Requires strong creative vision, project management skills, and excellent communication."
Creative Professional,"Highly creative individual responsible for developing innovative and engaging content across various platforms. Strong conceptualization, design, and execution skills are essential. Collaboration with cross-functional teams is required."
Credit Counselor,"Provides financial guidance and support to clients struggling with debt. Develops and implements personalized debt management plans, educates clients on budgeting and financial literacy, and negotiates with creditors on behalf of clients. Requires strong communication, problem-solving, and empathy skills."
Crisis Management Specialist,Crisis Management Specialist: Develops and implements crisis communication plans; manages and mitigates crises; trains staff on crisis response procedures; provides strategic counsel to leadership during critical incidents; ensures effective communication with stakeholders.
Cultural Consultant in Tourism,"Develops and implements culturally sensitive tourism strategies. Advises on authentic representation of local cultures, ensuring respectful and ethical tourism practices. Collaborates with tourism stakeholders to create inclusive and enriching experiences for visitors."
Cultural Specialist,"Cultural Specialist: Develops and implements strategies to foster a diverse and inclusive workplace culture. Leads cultural awareness initiatives, promotes employee engagement, and advises on cultural sensitivity in all company operations."
Curriculum Developer,Develops and maintains engaging and effective curriculum materials aligned with learning objectives and best practices. Collaborates with instructors and subject matter experts to ensure high-quality educational resources.
Cybersecurity Manager,"Leads and manages the organization's cybersecurity strategy, implementation, and operations. Responsible for risk assessment, incident response, security awareness training, and compliance with relevant regulations. Oversees a team of cybersecurity professionals."
Cybersecurity Professional,"Responsible for protecting organizational systems and data from cyber threats. Duties include vulnerability assessments, incident response, security awareness training, and implementation of security controls. Requires strong knowledge of cybersecurity principles and relevant technologies."
Cybersecurity Risk Manager,"Develops and implements cybersecurity risk management programs to protect organizational assets. Analyzes threats and vulnerabilities, identifies and mitigates risks, ensures compliance with security regulations, and manages security awareness training. Collaborates with IT and business units to ensure effective risk management practices."
Data Administration Specialist,"Responsible for the accuracy, integrity, and accessibility of organizational data. This includes data governance, database administration, data quality monitoring, and support for data-related projects. Requires strong technical skills and attention to detail."
Data Analyst,"Data Analyst: Analyzes complex data sets to identify trends, patterns, and insights. Develops and communicates data-driven recommendations to improve business processes and decision-making. Proficient in data visualization and statistical analysis tools."
Data Engineer,"Designs, builds, and maintains data pipelines and infrastructure to support data warehousing, analytics, and machine learning initiatives. Responsibilities include data ingestion, transformation, and loading (ETL), database administration, and ensuring data quality and security."
Data Governance Specialist,"The Data Governance Specialist is responsible for developing and maintaining data governance policies, procedures, and standards. This includes data quality management, metadata management, and ensuring compliance with relevant regulations. The role requires strong analytical skills, data literacy, and the ability to collaborate effectively with cross-functional teams."
Data Management Professional,"Manages and maintains the integrity and accessibility of organizational data. Develops and implements data governance policies, procedures, and standards. Ensures data quality, accuracy, and security. May involve data modeling, database administration, ETL processes, and data visualization."
Data Project Manager,"Data Project Manager: Leads and manages the successful delivery of data-related projects from initiation to completion. Responsibilities include defining project scope, managing timelines and budgets, coordinating resources, and ensuring data quality and stakeholder satisfaction. Strong analytical and communication skills are essential."
Data Scientist,"Develops and implements machine learning models to extract insights from large datasets, improving business decisions and driving innovation. Responsibilities include data cleaning, feature engineering, model building, evaluation, and deployment. Requires strong programming skills (e.g., Python, R) and expertise in statistical modeling and machine learning techniques."
Database Administrator,"Responsible for the performance, integrity, and security of organizational databases. Duties include database design, implementation, maintenance, troubleshooting, and ensuring data backup and recovery. Requires strong SQL skills and expertise in database administration tools."
Delivery Personnel,"Delivery Personnel are responsible for the timely and efficient delivery of goods to customers. Duties include loading vehicles, navigating routes, handling packages with care, obtaining customer signatures, and maintaining accurate delivery records. A valid driver's license and clean driving record are typically required."
Product Development Role,"Develops and improves products from concept to launch, collaborating with cross-functional teams on design, engineering, and market research to deliver high-quality, innovative solutions that meet market needs and business objectives."
Design Thinking Facilitator,"Design Thinking Facilitator: Guides cross-functional teams through the design thinking process, fostering collaboration and innovation to solve complex problems and develop user-centered solutions. Facilitates workshops, ideation sessions, and prototyping activities."
Designer,"Creates visually appealing and user-friendly designs across various platforms, ensuring brand consistency and meeting project deadlines. Collaborates with cross-functional teams to develop and implement design solutions."
Digital Content Specialist,"Creates and manages engaging digital content across various platforms to increase brand awareness and drive audience engagement. Responsibilities include content planning, writing, editing, SEO optimization, and social media publishing."
Digital Designer,"Creates engaging and user-friendly digital designs across various platforms (web, mobile, social media). Responsibilities include visual design, prototyping, and collaborating with developers to ensure seamless implementation. Requires strong understanding of design principles, current trends, and relevant software."
Digital Marketing Analyst,"Analyzes website traffic, campaign performance, and marketing data to optimize digital marketing strategies. Develops and implements A/B testing and other optimization strategies to improve conversion rates and ROI. Provides data-driven insights and recommendations to enhance marketing effectiveness. Proficient in using analytics platforms like Google Analytics and marketing automation tools."
Digital Marketing Manager,"Develops and implements comprehensive digital marketing strategies to drive brand awareness, lead generation, and customer acquisition. Manages social media, SEO/SEM, email marketing, and online advertising campaigns. Analyzes campaign performance and adjusts strategies for optimal results. Requires strong analytical and communication skills."
Digital Marketing Professional,"Develop and execute digital marketing strategies across multiple channels (SEO, SEM, social media, email, etc.) to drive brand awareness, lead generation, and customer acquisition. Analyze campaign performance, optimize strategies, and report on key metrics. Requires strong analytical skills and experience with relevant marketing tools."
Digital Marketing Strategist,"Develops and executes digital marketing strategies to increase brand awareness, generate leads, and drive sales. Responsibilities include SEO/SEM, social media marketing, email marketing, content marketing, and performance analysis. Requires strong analytical skills and a deep understanding of digital marketing platforms."
Digital Transformation Manager,"Leads and manages the organization's digital transformation initiatives, driving strategic change and adoption of new technologies to improve efficiency, effectiveness, and customer experience. Responsibilities include developing and executing digital strategies, managing projects and teams, and ensuring alignment with business goals."
Document Management Specialist,"Responsible for the organization, storage, retrieval, and security of digital and physical documents. Duties include implementing and maintaining document management systems, ensuring compliance with record-keeping policies, and providing user support."
E-commerce Manager,"Develops and implements strategies to drive online sales growth. Manages all aspects of the e-commerce platform, including website optimization, marketing, and customer experience. Responsible for achieving key performance indicators (KPIs) related to online sales, conversion rates, and customer satisfaction."
Economic Consultant,"Provides expert economic analysis and advice to clients on a range of issues, including market analysis, forecasting, policy evaluation, and regulatory impact assessments. Develops and presents clear, concise reports and presentations. Strong analytical and communication skills required."
Education Technology Specialist,"Designs, implements, and supports educational technology solutions to enhance teaching and learning. Provides training and technical assistance to faculty and staff. Manages and maintains educational technology infrastructure and resources."
Employee Development Manager,"Develops and implements employee training and development programs to enhance skills, improve performance, and foster career growth within the organization. Manages the performance management process and oversees employee career development initiatives."
Employee Development Specialist,"Develops and implements employee training and development programs to enhance skills, improve performance, and foster career growth. Creates and delivers engaging training materials, manages training records, and evaluates program effectiveness. Collaborates with managers to identify training needs and address performance gaps."
Employee Wellness Consultant,"Develops and implements employee wellness programs to improve employee health, well-being, and productivity. Provides education, resources, and support to promote a healthy work environment. Tracks program effectiveness and makes data-driven adjustments."
Employer Branding Specialist,"Develops and executes employer branding strategies to attract and retain top talent. Manages employer brand messaging across all platforms, improving company reputation and candidate experience. Analyzes recruitment data and market trends to optimize employer branding initiatives."
Energy Management Specialist,"Develops and implements energy efficiency programs to reduce energy consumption and costs. Conducts energy audits, analyzes data, identifies improvement opportunities, and manages energy-related projects. Ensures compliance with energy regulations and promotes sustainable energy practices."
Engagement Manager,"Leads and manages client relationships, ensuring project success and client satisfaction. Responsible for scoping projects, managing budgets, and overseeing project teams to deliver high-quality solutions. Builds strong client partnerships and identifies new business opportunities."
Entrepreneur,"Identifies and capitalizes on market opportunities, assuming all risks and responsibilities of launching and managing a business venture. Develops business plans, secures funding, builds and manages teams, and drives revenue growth."
Event Host/MC,"Energetic and engaging Event Host/MC needed to manage and facilitate events, ensuring a smooth and enjoyable experience for all attendees. Responsibilities include script preparation, audience interaction, and coordinating with event staff. Excellent communication and public speaking skills are essential."
Facilitator,"Facilitates group discussions and activities to achieve specific outcomes, ensuring inclusive participation and productive collaboration. Guides the group towards consensus and action planning."
Finance Project Manager,"Manages complex financial projects from initiation to closure, ensuring on-time and within-budget delivery. Leads cross-functional teams, manages risks, and develops and tracks project plans. Requires strong financial acumen and project management expertise."
Finance Specialist,"Finance Specialist: Manages and analyzes financial data, prepares reports, assists with budgeting and forecasting, and ensures compliance with financial regulations. Supports financial planning and analysis activities."
Financial Analyst,"Financial Analyst: Analyzes financial data, prepares reports, builds financial models, and provides insights to support strategic business decisions. Requires strong analytical and communication skills."
Financial Consultant,"Financial Consultant: Advises clients on various financial matters, including investment strategies, retirement planning, tax optimization, and risk management. Develops and implements personalized financial plans to meet individual client goals."
Financial Management Roles,"Manages and oversees all aspects of an organization's financial health, including budgeting, forecasting, financial reporting, and analysis. Ensures compliance with financial regulations and contributes to strategic financial planning."
Financial Manager,"Oversees all financial operations of the organization, ensuring accuracy, compliance, and profitability. Responsibilities include budgeting, forecasting, financial reporting, and analysis. Leads the finance team and collaborates with other departments to achieve financial goals."
Financial Planning Specialist,"Develops and implements comprehensive financial plans for clients, analyzing their financial situations, goals, and risk tolerance to create personalized strategies for investment, retirement planning, tax optimization, and wealth management. Requires strong analytical skills, excellent communication, and relevant financial certifications (e.g., CFP, ChFC)."
Financial Risk Analyst,"Financial Risk Analyst: Assesses and mitigates financial risks across the organization. Develops and implements risk management strategies, monitors key risk indicators, and prepares reports for senior management. Requires strong analytical and financial modeling skills."
Financial Services Professional,"Financial Services Professional: Provides expert financial advice and services to clients, managing investments, planning for retirement, and ensuring financial security. Responsibilities vary based on specialization but may include portfolio management, financial planning, risk assessment, and client relationship management."
Front-End Developer,"Develops and maintains user interfaces for web applications using HTML, CSS, and JavaScript. Collaborates with designers and back-end developers to create engaging and responsive websites. Ensures cross-browser compatibility and optimizes for performance."
Game Developer,"Designs, develops, and implements game mechanics, features, and content for video games across various platforms. Collaborates with a team to create engaging and high-quality gaming experiences. Proficient in relevant programming languages and game engines."
General Manager,"The General Manager is responsible for the overall operation and profitability of [Company Name/Department]. This includes overseeing all aspects of the business, leading and motivating the team, developing and implementing strategies, managing budgets, and ensuring excellent customer service."
Graphic Designer,"Creates visually appealing and effective designs for a variety of marketing materials, including websites, brochures, social media graphics, and advertisements. Collaborates with marketing and other teams to develop design concepts and ensure brand consistency. Proficient in industry-standard design software."
Health and Wellness Professional,"Develops and implements health and wellness programs to improve the physical and mental well-being of individuals or groups. Provides education, counseling, and support to promote healthy lifestyles. May specialize in areas such as nutrition, fitness, stress management, or mental health."
HR Manager,"The HR Manager oversees all aspects of human resource management, including recruitment, employee relations, compensation and benefits, training and development, and compliance. They ensure a positive and productive work environment while maintaining legal compliance."
HR Business Partner,"HR Business Partner: Provides strategic HR support to designated business units, partnering with management to drive effective talent management, employee relations, and organizational effectiveness initiatives. Focuses on aligning HR strategies with business goals and ensuring a positive employee experience."
HR Consultant,"HR Consultant: Provides expert advice and support to clients on all aspects of human resources management, including talent acquisition, employee relations, compensation and benefits, and HR strategy. Develops and implements HR solutions to improve organizational effectiveness and employee engagement."
HR Specialist,"The HR Specialist supports the organization's human resources functions, including recruitment, onboarding, employee relations, benefits administration, and performance management. This role requires strong communication and interpersonal skills, as well as knowledge of employment law and HR best practices."
HR/Customer Experience Manager,"Leads and develops HR strategies and customer experience initiatives to enhance employee satisfaction and customer loyalty. Manages HR operations, including recruitment, onboarding, performance management, and employee relations. Develops and implements strategies to improve customer service and satisfaction. Requires strong leadership, communication, and problem-solving skills."
Human Resources Specialist with Cultural Expertise,"Human Resources Specialist with Cultural Expertise: Provides comprehensive HR support, specializing in fostering inclusive and diverse workplace cultures. Responsibilities include recruitment, employee relations, policy implementation, and training, with a focus on understanding and addressing the needs of a diverse workforce. Requires strong intercultural communication skills and experience promoting equity and inclusion."
Human Rights Consultant,"Provides expert advice and support on human rights issues, conducting research, developing strategies, and delivering training to promote and protect human rights within an organization or specific project. May involve policy development, advocacy, monitoring, and reporting on human rights standards."
Human Services Professional,"Provides direct support and case management to individuals and families facing challenges such as poverty, mental illness, substance abuse, or domestic violence. Develops and implements individualized service plans, connects clients with necessary resources, and advocates for their well-being. Requires strong communication, problem-solving, and interpersonal skills."
Innovation and Technology Specialist,"Develops and implements innovative technological solutions to enhance organizational efficiency and effectiveness. Conducts research, identifies emerging technologies, and proposes strategic applications. Collaborates with cross-functional teams to integrate new technologies and drive digital transformation."
Instructional Designer,"Designs, develops, and implements engaging and effective training programs and learning materials for employees and/or clients. Utilizes instructional design principles and adult learning theories to create high-quality learning experiences."
Insurance Agent,"Insurance Agent: Sells and services insurance policies to individuals and businesses. This includes identifying customer needs, presenting suitable products, processing applications, and maintaining client relationships. Requires strong sales and communication skills."
Insurance Analyst,"Analyzes insurance claims, policies, and data to identify trends, assess risk, and support underwriting decisions. Develops reports and recommendations to improve efficiency and profitability. Requires strong analytical and problem-solving skills."
Insurance Broker,"Insurance Broker: Advises clients on insurance needs, securing optimal coverage from multiple insurers. Manages client relationships, processes applications, and resolves claims issues. Requires strong sales, communication, and product knowledge."
Intellectual Property Manager,"Manages and protects the company's intellectual property portfolio, including patents, trademarks, and copyrights. Responsibilities include IP strategy development, filing and prosecution of applications, enforcement of IP rights, and managing external counsel."
Internal Auditor,"Internal Auditor: Responsible for evaluating the effectiveness of the organization's internal controls, risk management processes, and compliance with relevant regulations. Conducts audits, analyzes findings, and reports on identified weaknesses and recommendations for improvement."
Internal Management Roles,"Internal Management Roles encompass overseeing and improving internal operations. Responsibilities vary widely depending on the specific role but generally include planning, organizing, directing, controlling, and coordinating various internal functions to achieve organizational objectives. This may involve managing teams, budgets, projects, and processes to optimize efficiency and effectiveness."
International Relations Professional,"International Relations Professional: Develops and implements strategies to advance organizational interests in the international arena. Responsibilities include managing international partnerships, navigating complex geopolitical landscapes, and ensuring compliance with relevant regulations. Requires strong analytical, communication, and intercultural skills."
Inventory Manager,"Responsible for overseeing all aspects of inventory control, including receiving, storing, and distributing goods. This role optimizes inventory levels, minimizes waste, and ensures accurate record-keeping to support efficient warehouse operations and timely order fulfillment."
Investment Consultant,"Investment Consultant: Advises clients on investment strategies, portfolio management, and financial planning to meet their long-term financial goals. Analyzes market trends and develops personalized investment plans. Requires strong financial knowledge and excellent client communication skills."
Investment Manager,"Manages investment portfolios, conducts due diligence on potential investments, analyzes market trends, and develops investment strategies to maximize returns while mitigating risk. Requires strong financial analysis skills, market knowledge, and client relationship management capabilities."
IT Manager,"The IT Manager oversees all aspects of an organization's IT infrastructure and operations. Responsibilities include strategic planning, budgeting, managing staff, ensuring system security and uptime, and providing technical support."
IT Professional,"Provides technical support and expertise across a range of IT systems and applications. Responsibilities include troubleshooting, maintenance, and implementation of hardware and software solutions to ensure optimal system performance and user satisfaction."
IT Project Manager,"Manages all aspects of IT projects from initiation to closure, ensuring on-time and within-budget delivery. Responsibilities include planning, execution, monitoring, controlling, and closing projects, as well as managing resources and stakeholders. Requires strong technical understanding and excellent communication and leadership skills."
IT Security Manager,"The IT Security Manager is responsible for developing and implementing the organization's cybersecurity strategy, managing security risks, and ensuring the confidentiality, integrity, and availability of information assets. This includes overseeing security policies, incident response, vulnerability management, and security awareness training."
IT Specialist,"Provides technical support and expertise to users, resolving IT issues and ensuring smooth operation of computer systems and networks. May involve troubleshooting hardware and software problems, installing and configuring systems, and maintaining network security."
IT Support / HelpDesk,"Provides first and second-level technical support to end-users, resolving hardware, software, and network issues. Troubleshoots problems, installs and configures systems, and documents resolutions. Maintains a high level of customer satisfaction."
Key Account Manager,"Manages and develops key client relationships, maximizing sales and profitability within a designated portfolio. Responsible for strategic account planning, identifying new business opportunities, and exceeding revenue targets. Requires strong communication, negotiation, and relationship-building skills."
Knowledge Management Specialist,"Develops and implements strategies to capture, organize, and share organizational knowledge. Creates and maintains knowledge repositories, trains employees on knowledge management systems, and promotes a culture of knowledge sharing. Ensures readily accessible and up-to-date information improves efficiency and decision-making."
Language and Cultural Specialist,"Language and Cultural Specialist: Provides expert linguistic and cultural guidance to ensure effective communication and cross-cultural understanding within a specific geographical region or community. Responsibilities may include translation, interpretation, cultural training, and adaptation of materials to meet diverse cultural needs."
Language Professional,"Language Professional: Provides expert language services, including translation, interpretation, editing, and proofreading, ensuring accuracy, fluency, and cultural sensitivity in various contexts. May specialize in a specific language pair or industry."
Leadership Consultant,"Leadership Consultant: Guides organizations and individuals in developing and enhancing leadership capabilities through coaching, training, and strategic consulting. Facilitates leadership development programs and implements impactful solutions to improve organizational performance and culture."
Lean Consultant,"Drives process improvement initiatives across the organization using Lean methodologies. Identifies and eliminates waste, optimizes workflows, and trains employees on Lean principles to enhance efficiency and productivity. Collaborates with cross-functional teams to deliver measurable results."
Learning and Development Manager,"Develops and delivers training programs to enhance employee skills and knowledge. Manages the learning management system (LMS), identifies training needs, and measures the effectiveness of training initiatives. Promotes a culture of continuous learning and development within the organization."
Learning and Development Specialist,"Designs, develops, and delivers engaging training programs to enhance employee skills and knowledge, contributing to organizational effectiveness and individual growth. This includes needs analysis, curriculum development, program delivery, and evaluation."
Legal and Commercial Manager,"The Legal and Commercial Manager provides comprehensive legal and commercial support to the organization. Responsibilities include contract negotiation and management, legal risk mitigation, compliance advice, and contributing to strategic commercial decisions."
Life Coach,"Empowers clients to achieve personal and professional growth through goal setting, self-discovery, and personalized strategies. Provides guidance and support to overcome obstacles and improve overall well-being."
Logistics Coordinator,"Coordinates inbound and outbound shipments, manages inventory, and ensures timely and efficient delivery of goods. Responsibilities include tracking orders, resolving logistical issues, and maintaining accurate records."
Machine Learning Engineer,"Develops, implements, and maintains machine learning models to solve complex business problems. Collaborates with data scientists and engineers to build and deploy scalable, high-performing ML solutions. Requires strong programming skills, experience with ML algorithms, and a passion for data-driven innovation."
Maintenance Manager,"Responsible for overseeing all aspects of facility maintenance, including preventative maintenance programs, repairs, and capital improvement projects. Manages a team of maintenance technicians, ensuring efficient and cost-effective operations while maintaining a safe and functional work environment."
Management Roles,"Management roles oversee teams and projects, driving efficiency and achieving organizational goals. Responsibilities vary widely depending on the specific role and industry but typically involve planning, organizing, leading, and controlling resources to meet targets. Strong leadership, communication, and problem-solving skills are essential."
Manager,"Manages and motivates a team to achieve departmental goals and objectives. Responsible for performance management, resource allocation, and strategic planning. Ensures efficient operations and adherence to company policies."
Manufacturing Supervisor,"Manufacturing Supervisor: Oversees daily production operations, ensuring efficient workflow, quality control, and adherence to safety regulations. Manages a team of production workers, providing training, support, and performance feedback. Responsible for meeting production targets and optimizing processes."
Marketing Analyst,"Marketing Analyst: Analyzes marketing data, identifies trends and opportunities, and develops actionable insights to improve marketing campaign performance and ROI. Responsibilities include market research, campaign performance measurement, and data visualization."
Marketing Manager,"Develops and implements marketing strategies to achieve company objectives. Manages marketing budgets, campaigns, and teams. Analyzes market trends and customer behavior to optimize marketing efforts. Responsible for brand building and maintaining a strong online presence."
Marketing Professional,"Develops and executes marketing strategies to increase brand awareness and drive sales. Responsibilities include market research, campaign management, content creation, and performance analysis. Requires strong communication and analytical skills."
Marketing Research Analyst,Marketing Research Analyst: Conducts market research to identify opportunities and trends. Analyzes data to inform marketing strategies and campaign effectiveness. Develops reports and presentations to communicate findings and recommendations to stakeholders. Requires strong analytical and communication skills.
Marketing Strategist,"Develops and implements comprehensive marketing strategies to achieve business objectives. Conducts market research, analyzes data, and creates compelling campaigns across multiple channels. Manages marketing budgets and collaborates with cross-functional teams."
Mental Health and Development Roles,"Provides support and interventions to individuals experiencing mental health challenges and/or developmental disabilities. Responsibilities may include case management, therapy, counseling, advocacy, crisis intervention, and community outreach. Requires strong communication and interpersonal skills, along with knowledge of relevant diagnoses and treatment modalities."
Middle Manager,"Manages a team of employees, overseeing daily operations, project execution, and performance. Responsible for achieving departmental goals, mentoring team members, and communicating effectively with senior management and other departments."
Negotiation Specialist,"Negotiation Specialist: Drives successful outcomes in complex negotiations, leveraging strong communication and analytical skills to achieve optimal results for the company. Responsibilities include preparing negotiation strategies, conducting negotiations, and managing relationships with key stakeholders."
Network Administrator,"Manages and maintains the organization's network infrastructure, including servers, routers, switches, and firewalls. Responsibilities include network security, troubleshooting, and implementing network upgrades and improvements. Ensures network availability, performance, and security."
Network Engineer,"Designs, implements, and maintains the organization's network infrastructure. Responsibilities include troubleshooting network issues, ensuring network security, and optimizing network performance. Requires strong knowledge of networking protocols and technologies."
Networking Specialist,"Designs, implements, and maintains network infrastructure. Troubleshoots network issues and ensures optimal network performance and security. Provides technical support to end-users."
Organizational Counselor,"Provides confidential counseling and support to employees experiencing workplace challenges, promoting mental well-being and resolving conflicts to enhance organizational effectiveness and productivity."
People and Experience Manager,"The People and Experience Manager is responsible for developing and implementing strategies to enhance employee engagement, well-being, and overall workplace experience. This includes managing employee relations, developing training programs, and overseeing HR initiatives to create a positive and productive work environment."
People Manager,"Leads and develops a team, fostering a positive and productive work environment. Responsible for performance management, recruitment, training, and employee relations. Ensures team goals are met and contributes to overall organizational success."
People-Oriented Roles,"Several job descriptions could fall under ""People-Oriented Roles."" To give you a good example, I'll provide one for a **Human Resources Generalist**:
 Provides comprehensive HR support to employees and managers, focusing on employee relations, recruitment, onboarding, benefits administration, and policy compliance. Requires strong interpersonal skills and a commitment to fostering a positive and productive work environment."
Personal Development Consultant,"Empowers individuals to achieve their personal and professional goals. Provides coaching, mentoring, and resources to help clients identify and overcome obstacles, develop skills, and improve overall well-being. Designs and delivers personalized development plans tailored to individual needs."
Personal Finance Consultant,"Provides expert financial guidance to clients, helping them achieve their financial goals through personalized strategies involving budgeting, investing, debt management, and retirement planning. Requires strong communication and analytical skills."
Presentation Specialist,"Develops and delivers compelling presentations for various audiences, incorporating data visualization and storytelling techniques to effectively communicate key messages. Responsibilities include content creation, design, and delivery, ensuring consistent brand messaging and impactful results."
Problem-Solving Specialist,"Problem-Solving Specialist: Identifies, analyzes, and resolves complex issues across various departments. Develops and implements effective solutions, improving efficiency and reducing operational risks. Requires strong analytical, communication, and problem-solving skills."
Process Improvement Specialist,"Process Improvement Specialist: Identifies and analyzes inefficiencies in existing processes, develops and implements solutions to improve efficiency, productivity, and quality. Collaborates with cross-functional teams to drive process optimization and achieve business objectives."
Process Manager,"Manages and optimizes operational processes to improve efficiency, productivity, and quality. Responsible for process design, implementation, monitoring, and continuous improvement. Leads cross-functional teams to achieve process goals and meet key performance indicators (KPIs)."
Product Development,"Develops and improves products from concept to launch, collaborating with cross-functional teams to define product specifications, manage the development process, and ensure high-quality deliverables."
Product Development Manager,"Leads the product development lifecycle from ideation to launch, managing cross-functional teams and ensuring products meet market needs and business objectives. Responsibilities include defining product strategy, roadmap planning, resource allocation, and performance tracking."
Product Manager,"Develops and manages the product roadmap and strategy for [product name or area]. Owns the product lifecycle from conception to launch and beyond. Works closely with engineering, design, and marketing to deliver a successful product that meets customer needs and business objectives."
Product Owner,"The Product Owner is responsible for defining, prioritizing, and managing the product backlog to ensure the development team builds the right product. This includes gathering and analyzing user needs, creating user stories, and working closely with the development team to deliver value to customers."
Program Manager,"Leads and manages the execution of complex programs, ensuring on-time and within-budget delivery. Responsible for planning, budgeting, resource allocation, risk management, and stakeholder communication. Drives program success through effective team leadership and problem-solving."
Programmer,"Designs, codes, tests, and debugs software applications. Collaborates with other developers and stakeholders to meet project requirements. Maintains and improves existing software systems."
Project Consultant,"Project Consultant: Leads and supports project delivery, ensuring projects are completed on time, within budget, and to client specifications. Provides expert advice and guidance throughout the project lifecycle."
Project Coordinator,"Project Coordinator: Organizes and coordinates project activities, ensuring projects are completed on time and within budget. Responsibilities include scheduling, resource allocation, communication with stakeholders, and risk management."
Project Manager,"Leads and manages project teams to deliver projects on time and within budget. Responsible for planning, execution, monitoring, and closure of projects, ensuring alignment with organizational goals. Strong communication and stakeholder management skills required."
Public Relations Specialist,"Develops and executes public relations strategies to enhance the organization's reputation and brand image. Manages media relations, creates compelling content, and monitors online presence. Responsibilities include press releases, media outreach, event planning, and crisis communication."
Public Speaking Coach,"Empowers individuals and groups to become confident, compelling public speakers. Provides customized coaching, feedback, and training on speech delivery, presentation skills, and audience engagement. Develops and delivers engaging workshops and seminars."
Quality Analyst,"Ensures quality and compliance throughout the software development lifecycle. Responsibilities include testing software applications, identifying and documenting defects, and collaborating with developers to resolve issues. Requires strong analytical and problem-solving skills."
Quality Manager,"Responsible for developing and implementing quality control systems and processes to ensure consistent product quality and customer satisfaction. This includes overseeing quality audits, managing non-conformances, and continuously improving quality management systems."
Real Estate Consultant,"Real Estate Consultant: Advises clients on buying, selling, or renting properties. Conducts market analysis, negotiates deals, and manages client relationships to achieve optimal results."
Recruitment Manager,"Develops and implements effective recruitment strategies to attract and hire top talent. Manages the full recruitment cycle, from sourcing candidates to onboarding new hires. Ensures a positive candidate experience and adherence to company hiring policies. Analyzes recruitment metrics and identifies areas for improvement."
Research Analyst,"Research Analyst: Conducts quantitative and qualitative research to support strategic business decisions. Analyzes data, identifies trends, and prepares reports and presentations for senior management. Requires strong analytical and communication skills."
Retail Technology Specialist,"Retail Technology Specialist: Provides technical support and expertise for retail point-of-sale (POS) systems, hardware, and software. Resolves technical issues, maintains system performance, and assists with the implementation of new technologies to optimize retail operations."
Retirement Planner,"Retirement Planner: Advises clients on retirement planning strategies, including investment management, tax optimization, and estate planning to ensure a secure and comfortable retirement. Develops personalized retirement plans based on individual client needs and goals."
Risk Management,"Identifies, assesses, and mitigates risks across the organization. Develops and implements risk management strategies, policies, and procedures. Monitors and reports on risk exposures. Collaborates with various departments to ensure effective risk management practices."
Risk Management Consultant,"Identifies, assesses, and mitigates risks across various organizational functions. Develops and implements risk management strategies, advises clients on risk mitigation techniques, and conducts risk assessments and audits. Requires strong analytical and communication skills."
Risk Manager,"Responsible for identifying, assessing, and mitigating risks across the organization. Develops and implements risk management strategies, monitors key risk indicators, and ensures compliance with relevant regulations and standards. Provides regular risk reporting to senior management."
Robotics Engineer,"Designs, develops, tests, and implements robotic systems and software. Collaborates with cross-functional teams to integrate robots into various applications. Troubleshoots and maintains robotic equipment. Requires strong programming and mechanical engineering skills."
Safety Manager,"Responsible for developing and implementing safety programs, conducting safety audits and training, investigating accidents, and ensuring compliance with all relevant safety regulations to maintain a safe and healthy work environment."
Sales Manager,"Leads and motivates a sales team to achieve and exceed revenue targets. Develops and implements sales strategies, manages sales pipelines, and fosters strong client relationships. Responsible for sales forecasting, territory management, and team performance."
Sales Consultant,"Sales Consultant: Drives sales growth by identifying, qualifying, and closing new business opportunities. Manages the sales process from lead generation to customer onboarding. Builds and maintains strong customer relationships."
Sales Executive,"Drives sales growth by identifying, qualifying, and closing new business opportunities. Manages the entire sales cycle, from lead generation to contract negotiation and closure. Builds and maintains strong customer relationships. Meets or exceeds assigned sales targets."
Sales and Marketing Manager,"Develops and executes sales and marketing strategies to achieve revenue targets. Manages sales and marketing teams, oversees campaigns, and analyzes market trends to drive growth and brand awareness."
Scrum Master,"Leads and facilitates Scrum events, removes impediments for the development team, and coaches the team on Agile principles and practices to deliver high-quality products on time and within budget."
Security Analyst,"Security Analyst: Responsible for identifying, analyzing, and mitigating security risks to company systems and data. Duties include vulnerability assessments, incident response, security awareness training, and policy development. Requires strong technical skills and a proactive approach to security."
Security Engineer,"Designs, implements, and maintains security systems and infrastructure to protect organizational assets from cyber threats. Responsibilities include vulnerability management, incident response, security architecture, and compliance with security standards."
SEO Specialist,"Develops and implements SEO strategies to improve organic search rankings and drive website traffic. Conducts keyword research, on-page and off-page optimization, and performance analysis. Reports on SEO performance and makes recommendations for improvement."
Service Design Consultant,"Service Design Consultant: Develops and implements service design strategies to improve user experiences and business outcomes. Conducts user research, creates service blueprints, and facilitates workshops to optimize service delivery. Collaborates with cross-functional teams to define and deliver innovative service solutions."
Social Media and Marketing Specialist,"Develop and implement social media strategies to increase brand awareness and engagement. Create engaging content, manage social media accounts, and analyze campaign performance. Support broader marketing initiatives through content creation and digital marketing efforts."
Social Media Manager,"Develop and implement social media strategies to increase brand awareness and engagement. Create engaging content, monitor social channels, and analyze performance metrics to optimize campaigns. Manage social media budgets and collaborate with marketing team members."
Software Engineer,"Designs, develops, tests, and maintains software applications. Collaborates with team members to deliver high-quality, scalable, and maintainable code. Contributes to all phases of the software development lifecycle."
Stakeholder Management Specialist,"The Stakeholder Management Specialist is responsible for building and maintaining positive relationships with key stakeholders, including clients, partners, and internal teams. This involves proactive communication, managing expectations, resolving conflicts, and ensuring alignment on project goals and objectives. The role requires strong interpersonal skills, excellent communication, and a proven ability to influence without authority."
Startup Founder,"Startup Founder: Leads all aspects of a new venture, from ideation and fundraising to product development, marketing, and team building. Responsible for overall vision, strategy, and success of the company. Requires exceptional leadership, entrepreneurial spirit, and adaptability."
Strategy Consultant,"Strategy Consultant: Develops and implements strategic plans for clients to improve performance, achieve business objectives, and gain a competitive advantage. Involves market research, data analysis, problem-solving, client communication, and presentation of recommendations."
Supply Chain Analyst,"Analyzes and optimizes supply chain processes to improve efficiency and reduce costs. Responsibilities include demand forecasting, inventory management, supplier relationship management, and performance reporting. Requires strong analytical and problem-solving skills, along with proficiency in relevant software."
Survey Designer,"Designs and develops surveys and questionnaires using various methodologies for data collection. Ensures surveys are effective, engaging, and yield high-quality data. Analyzes results and makes recommendations for improvements. Proficient in survey software and statistical analysis techniques."
Sustainability Consultant,"Sustainability Consultant: Advises clients on environmental, social, and governance (ESG) issues, developing and implementing strategies to improve sustainability performance, reduce environmental impact, and enhance corporate social responsibility. Requires strong analytical, communication, and project management skills."
Sustainability Coordinator,"Develops and implements sustainability initiatives across the organization, reducing environmental impact and promoting responsible resource management. This includes tracking progress, setting targets, and collaborating with various departments to achieve sustainability goals."
System Administrator,"Responsible for the day-to-day operation and maintenance of computer systems and networks. This includes installing, configuring, and troubleshooting hardware and software, ensuring system security, and providing technical support to end-users."
System Analyst,"Analyzes an organization's current computer systems and procedures, and designs solutions to improve efficiency and effectiveness. This includes identifying business requirements, developing system specifications, and coordinating implementation with IT and business teams."
Talent Acquisition Specialist,"Talent Acquisition Specialist: Responsible for full-cycle recruitment, sourcing, screening, and interviewing candidates. Develops and implements effective recruiting strategies to attract top talent. Builds and maintains strong relationships with hiring managers and candidates."
Talent Development Specialist,"Designs and delivers training programs to enhance employee skills and performance. Develops and implements talent management strategies to attract, retain, and develop high-performing employees. Partners with managers to identify training needs and measure program effectiveness."
Talent Management Specialist,"Develops and implements talent management strategies to attract, retain, and develop high-performing employees. Responsibilities include performance management, succession planning, learning and development initiatives, and employee engagement programs."
Tax Consultant,"Provides expert tax advice and compliance services to individuals and/or businesses. Prepares tax returns, advises on tax planning strategies, and ensures compliance with all relevant tax laws and regulations. May specialize in a specific area of taxation (e.g., corporate, international, individual)."
Technical Sales Professional,"Technical Sales Professional: Drives sales growth by leveraging technical expertise to understand customer needs and propose tailored solutions. This includes presenting product demonstrations, developing proposals, and managing the sales process from lead generation to close. Requires strong technical knowledge, excellent communication skills, and a proven track record of sales success."
Technology Consultant,"Technology Consultant: Provides expert advice and solutions to clients on technology strategy, implementation, and optimization. Collaborates with clients to understand their business needs and develop tailored technology solutions. Manages projects, delivers presentations, and builds strong client relationships."
Training Coordinator,"Develops and delivers training programs for employees. Manages training schedules, materials, and logistics. Tracks training progress and assesses effectiveness."
Training Manager,"Develops and delivers training programs to enhance employee skills and knowledge. Manages training budgets and resources, ensuring programs align with organizational goals. Tracks and measures training effectiveness."
Training Specialist,"Develops and delivers engaging training programs to employees, improving skills and knowledge. Creates training materials and assesses training effectiveness. Supports ongoing employee development initiatives."
Transportation Specialist,"Manages and coordinates all aspects of transportation logistics, ensuring timely and cost-effective delivery of goods. Responsibilities include route planning, carrier selection, shipment tracking, and resolving any transportation-related issues."
Trend Analyst,"Identifies and analyzes emerging trends in [specify industry or market, e.g., consumer behavior, social media, technology] to inform strategic decision-making. Conducts market research, data analysis, and competitive intelligence gathering. Communicates findings and recommendations to stakeholders through compelling presentations and reports."
UX/UI Designer,"Designs and implements user-centered interfaces for websites and applications. Collaborates with developers and product managers to create intuitive and engaging user experiences. Creates wireframes, prototypes, and visual designs. Conducts user research and testing to iterate and improve designs."
Video Editor,"Video Editor: Creates engaging and high-quality video content by editing raw footage, adding graphics and sound effects, and ensuring final product meets brand guidelines and deadlines. Proficiency in editing software is required."
Web Developer,Develops and maintains websites and web applications. Collaborates with designers and other developers to create user-friendly and efficient online experiences. Proficient in relevant programming languages and frameworks.
